peaks_diff,period,oxigen_per_lit
417.1190476,1.977598852,0.766093645
186,9.950663095,2.66540301
273,2.441032461,1.438294314
328.3333333,2.41970232,1.574147157
296.6666667,2.581059774,1.526147157
311.6666667,2.413992158,1.558173913
364.8666667,2.760269168,1.392441472
403.4666667,2.760548324,1.591951505
352.6666667,2.430237238,1.747198997
382.5,2.502019004,1.678386288
447.3333333,2.498140005,1.956158863
452.3333333,2.585828283,1.8650301
451.5,2.479820004,2.090994983
493.3,2.578690591,2.022143813
489.8333333,2.448145483,2.314876254
521.2666667,2.550670711,2.376682274
530.8,2.896963598,2.1690301
516.6,2.922363017,2.258869565
539.5666667,2.599899811,2.839389632
533.4,2.56126956,2.490399666
557.8333333,2.523054113,2.794749164
519.1666667,2.492549078,3.097886288
524.8333333,2.35981522,3.293921405
562.4285714,2.263581043,3.310795987
567.452381,2.133139925,3.848869565
576.8571429,2.091432513,3.850976589
553.5714286,2.108105827,3.856896321
586.7142857,2.075365367,3.980789298
562,1.848311386,4.617812709
560.7888889,1.655283805,5.362956522
592.6222222,1.567633848,5.349725753
594.3444444,1.546009722,6.180232441
595.1,1.484946087,6.241401338
631.7272727,1.370904874,6.419053512
624.7272727,1.34349201,7.184185619
638.1818182,1.332131085,7.180434783
586.6363636,1.329402632,7.306414716
524.5833333,1.294412823,7.728602007
494.8406593,1.070230062,8.294675585
471.6,0.997486651,9.08726087
506.1410256,0.983778741,9.771137124
554.3666667,1.47666969,5.533682274
570.2222222,1.566156391,6.063327759
580,1.511624355,6.655137124
592.2636364,1.485266504,6.54670903
583,1.492591613,6.712456522
326.7857143,1.284871452,1.383513378
287.6825397,1.493589041,3.381934783
385,1.488363643,3.153025084
343.4,1.493247762,3.349974916
475,1.485289796,3.321839465
546.4,1.480625921,4.356351171
462.425,1.484508549,4.329794314
452.9,1.467547398,4.532061873
343.3846154,1.138305005,4.917994983
423.7878788,1.498421852,3.845667224
473.8,1.459779292,4.422240803
449.3636364,1.376286827,4.344108696
476.6,1.483249838,4.682324415
141.8,3.709087887,4.33216388
547.3,1.502580454,4.239132107
543.2444444,1.535198233,4.195964883
493.1181818,1.437431603,4.589603679
652.125,1.225835592,0.002006689
337.3611111,1.65450721,0.002006689
542.25,1.674175983,0.004013378
447.5,2.061147682,3.21533612
338,2.486977207,2.851829431
650.4,3.300895566,3.329779264
367.9333333,2.529618683,3.013205686
459.3333333,2.496489155,2.888740803
389.6666667,2.492905795,2.899143813
448.8333333,2.51818053,2.745874582
463.1666667,2.509615964,3.081005017
538,2.45660766,3.029697324
614.7380952,2.502508971,3.012459866
629.7619048,0.731090261,3.600119922
734.6666667,1.100948395,2.240040134
353.4,2.913978091,1.32543311
415.7666667,2.643351545,1.657578595
517,2.977303178,1.911409699
718.75,3.313469965,1.974677258
794.35,3.29284854,2.199851171
700.3333333,2.899246329,2.464695652
644.5,2.655452478,2.514436455
624,2.440862938,2.276688963
545,2.898909552,1.998444816
700,2.682173691,2.446302676
677.1666667,2.544542532,2.223928094
640,2.798029458,2.233083612
527,6.544399266,1.523220736
713.4,2.990908796,2.093438127
618.0833333,1.251163377,4.288207358
625.1708333,1.073680514,7.174919732
629.35,0.963551295,7.766976589
611.125,0.940521931,7.543580268
633.125,0.937259508,7.62798495
630.3529412,0.890761389,8.200466555
559.8,2.651410591,0.720150502
222.1666667,5.123229289,1.537006689
380,4.797836597,1.582123746
307.8333333,2.623591865,1.827949833
275.4571429,2.553599308,2.343687291
265.8666667,2.578819646,1.806662207
280,2.368698238,1.66772408
288.2380952,2.506316363,1.665812709
516.875,2.087502831,1.951444816
322.1428571,2.280589849,1.785536789
340.1428571,2.006471007,2.15561204
338.8333333,2.309432587,2.053274247
401.3333333,1.665777429,2.785421405
485.8571429,1.671766532,2.707331104
431.2063492,1.713006707,2.946367893
408.1666667,1.89185729,2.862951505
482.25,1.652264956,3.259317726
422.25,1.994307719,3.300006689
413.25,2.012834334,3.516804348
515.125,1.754060462,3.631404682
568.6944444,1.701211791,3.547409699
509.1388889,1.686339056,4.075423077
500.1111111,1.650382266,4.143705686
597.5555556,1.642644352,4.367496656
589.4305556,1.646304267,4.225762542
625.6666667,1.670284641,4.28679097
647.9333333,1.629675352,4.607899666
601.7111111,1.599438932,4.935744147
675.9555556,1.602204655,5.094750836
725.2222222,1.611507618,4.90741806
777.3333333,1.617089273,5.153312709
622.0666667,1.592200735,5.632061873
542,2.786155777,5.88338796
682,1.224763082,6.245859532
-189.8,3.957337814,6.537531773
576.9807692,1.206826654,6.599448161
652.2307692,1.152917578,7.390011706
608.2912088,1.151982751,7.358710702
634.2307692,1.153465516,7.382588629
542.8296703,1.139426133,7.748944816
637.1538462,1.132274634,8.004349498
634.1758242,1.125729694,8.196043478
642.2032967,1.129005506,8.198282609
627.9285714,1.116916049,8.301130435
666.9090909,1.209703642,4.110102007
636.3125,0.973631511,7.767734114
621.6875,0.908078752,7.87382107
623.2720588,0.904675385,7.93276087
632.7279412,0.921296108,7.964809365
294.4285714,2.065971744,2.568682274
433.3,2.658063067,2.059312709
471.4285714,2.189188563,2.489028428
543.125,1.817202714,3.537804348
529.7142857,2.048598209,3.10208194
565.6666667,1.730122862,4.12177592
600.2222222,1.609794922,4.158421405
627.5,1.571583887,4.200541806
644.2,1.492263267,4.922463211
652.2,1.462174616,4.897685619
696.5727273,1.410718378,5.608879599
699.8181818,1.391195371,5.301160535
681.3090909,1.400420189,5.646866221
737.5454545,1.366165296,6.011379599
729.1818182,1.35434351,5.722545151
737,1.362202499,5.78030602
1071,9.585555286,0.545317726
758.7571429,0.689282163,3.423531773
580.75,2.711870901,2.181856187
543.7333333,2.703771587,1.824657191
633.9333333,2.858542093,2.192929766
710.5,2.419001124,2.504608696
779.8333333,2.377888547,2.817953177
760.5,2.322769172,3.135591973
785.6904762,2.3577442,2.921804348
857.5,2.611021629,2.953006689
791.3333333,2.482414315,2.874640468
817.1428571,2.083397856,3.261491639
826.6190476,2.283080019,2.592401338
807.5714286,2.355202684,3.148655518
742.1904762,2.228912948,2.957673913
772.7142857,2.135178672,3.077809365
797.4761905,2.343713467,2.888862876
549.2222222,1.544060066,3.188959866
615.2333333,1.338388321,5.595854515
596.6363636,1.375592003,4.914963211
584.7636364,1.383737686,4.768115385
561.9090909,1.38068375,5.179981605
597.5,1.37264774,5.28712709
573.6666667,3.770404533,1.522416388
354.3333333,5.847460631,1.988648829
417.8484848,0.276059958,2.820493311
403.4666667,1.463401223,2.892953177
560.2,1.455277946,3.507966555
538.3,1.46572161,4.204421405
600.4363636,1.46540968,4.644782609
635.9,1.497372206,4.689662207
761.975,1.562728817,4.647287625
690.6,1.477261255,4.805598662
810.7,1.475091864,4.871050167
376.7777778,1.504204304,4.405406355
463,1.490791665,4.573730769
533.2222222,1.503074244,4.542075251
570,1.482073761,4.702025084
569.9583333,1.756410214,4.194959866
638.1111111,1.567689818,4.6774699
623.9191919,1.500638161,5.585282609
373,14.89891908,0.012
706.5151515,1.034309857,2.363182274
227,7.470287471,0.725453177
455,6.59284122,0.605819398
646.6666667,5.637248944,1.263657191
626.5,5.41522084,1.198826087
530.3333333,2.556589244,1.634249164
385.6,2.92157337,1.630939799
502,2.733209211,1.524428094
436.4,3.270566241,1.33726087
392.5833333,2.806067768,1.768789298
566.8,3.372622426,1.353531773
444.75,2.82978311,1.438555184
418.2333333,2.942278019,1.362299331
536.05,2.693411613,1.465575251
442.2,2.769238218,1.568630435
431.4,2.880872392,1.20912709
748.1904762,1.768324373,1.268367893
722.6904762,2.128601678,3.197799331
857.3809524,2.62841192,2.822147157
1044.285714,2.114374583,3.705563545
1132.180556,1.775425201,4.255571906
1145.388889,1.515850356,5.190946488
1230.2,1.465457372,5.742341137
1083.222222,1.596415184,5.220923077
1043.988889,1.519465261,5.788354515
1137.8,1.48841024,5.433148829
1148.627273,1.419245939,5.86656689
1181.3,1.435675953,5.600048495
1068.2,1.436167063,5.760421405
1008.9,1.477726071,5.786367893
1003.690909,1.41995619,6.162690635
1042.454545,1.424707442,6.127133779
532.0666667,2.874187821,0.012
390,5.365055428,3.344316054
465,5.24958197,2.01841806
367.3333333,5.392385225,1.561683946
389.85,2.977928139,1.584573579
241.5,4.095179941,1.036113712
295.3333333,3.487837433,1.276399666
323.2,3.351566752,1.58009699
329.5833333,2.685307434,1.50419398
473.2142857,2.001721861,2.298852843
566.5,3.761191131,1.730864548
405.5,3.736785876,1.714971572
434.8,2.842624456,1.887847826
437.8,2.745838816,1.936494983
483.4,2.728545031,2.203123746
489.8333333,2.333761178,2.478526756
542.547619,2.24007896,2.610764214
536.1666667,2.275392806,2.564983278
518.9583333,2.028959613,3.545979933
594.1428571,2.285308722,2.768157191
448.3333333,5.701078888,2.50256689
637.1904762,2.268529184,3.654322742
640.8333333,2.259944855,3.368553512
681.8809524,2.211848744,3.155735786
711.1428571,2.065640503,3.626782609
734.8035714,1.9521886,4.009510033
695.6666667,1.613172462,4.539302676
735.0178571,1.869360484,4.48022408
826.2857143,1.990642317,4.694168896
804.7222222,1.807120153,5.14316388
830.7777778,1.623753611,4.781043478
760.9555556,1.425255226,6.021831104
806.7777778,1.631137402,5.42840301
836,1.486853724,5.901816054
862.1,1.404740416,6.418928094
875.4924242,1.347812187,6.957959866
907.8181818,1.347461862,7.183232441
867.1212121,1.232305914,7.20914214
870.3589744,1.1953869,7.804695652
880.4615385,1.158339274,8.18377592
912.3397436,1.231212324,8.470098662
931.25,1.265133412,8.86829097
932,1.164855865,8.434568562
900.752381,1.0440455,9.450354515
823.1333333,0.963812053,10.3778612
814.2238095,0.970486032,10.55097492
811.0952381,1.046138009,5.287123746
762.6833333,1.032451669,0.026006689
263,13.431121,0.40380602
318.75,3.79477373,2.137785953
315.5,3.928076317,0.750807692
453.75,4.367486135,0.790434783
461.8333333,4.335032929,1.068941472
489.1666667,4.044849618,0.990170569
481.0833333,3.881405038,1.25670903
495.6666667,4.13698981,1.048652174
450.5833333,4.342164071,1.235456522
520.8333333,4.262313887,1.055697324
501.5,4.065780412,1.364729097
498,4.051863225,1.085752508
478.25,3.798011666,1.087210702
467,3.870227007,1.216710702
517.5833333,4.213515616,1.117986622
476.75,3.996256184,1.073892977
509.75,3.791513074,1.262749164
447.547619,0.800705786,1.760274247
485,2.863072524,0.016013378
384,3.542253446,3.181249164
273.4285714,2.183933776,2.04422408
490.7,2.981668024,2.353080268
371.95,2.841688003,2.092359532
432.3,2.40913502,2.52962709
426,2.432940828,2.72259699
437.6666667,2.520806806,2.644501672
422.8333333,3.121467447,2.751337793
399.9821429,2.208403439,3.238908027
445.1666667,2.065728565,2.614344482
485.6666667,2.44652121,2.59179097
499.1666667,2.210379906,2.864026756
491.7142857,2.46245532,3.065765886
443.7380952,2.349972019,2.949802676
449,2.258081875,3.02790301
491.7,2.803226143,2.736075251
-106,7.340060905,2.369496656
478.9761905,2.272910324,2.703120401
522.9666667,2.558625473,2.411170569
489,2.515209495,2.606772575
476.3333333,2.592144317,2.542690635
477.6666667,2.68342005,3.386752508
516.625,1.060574534,3.078295987
388.3,2.753904137,2.295704013
496.3,2.750691201,2.354904682
477.3666667,2.747982332,2.781936455
485.6666667,2.762767439,2.461249164
501.45,2.578929392,2.904080268
636.5641026,0.840833975,1.971939799
381.1190476,1.977470984,1.368389632
623.6666667,2.45386994,2.265
744.9,2.509058533,2.677737458
779.1142857,2.138501404,3.042046823
716.9,2.475823905,3.005692308
774.2857143,2.156634894,3.72777592
840.8571429,2.068774433,3.810802676
824.4285714,2.263223211,3.887005017
868.3333333,2.422609252,3.291944816
906.2857143,2.177214542,3.827655518
865.547619,2.20118527,3.792745819
857.3333333,2.358641332,3.329658863
869.1428571,2.189737973,3.856270903
871.5714286,2.104048582,3.924662207
852,2.050865863,3.716769231
607.5,4.470169943,4.863471572
210.5,5.624650117,1.412794314
277.5833333,4.809623914,2.614882943
346,2.157433453,1.617038462
332.2777778,1.804550075,1.663001672
306.8571429,2.042093491,1.776551839
338.3333333,2.091708375,2.639147157
450,14.70736907,3.173204013
325.2222222,1.453321793,3.148043478
432.1222222,1.451960917,3.441931438
493.5,1.455488192,4.202448161
586.5909091,1.456899213,4.857591973
669.3,1.466388492,5.393150502
524,1.46576698,5.58151505
564.2666667,1.503366478,5.650535117
651.1,1.467542661,5.770257525
735.7,1.478812291,5.708719064
536.1,1.473655076,5.593006689
582.4090909,1.457581954,5.751811037
701.1,1.469867118,5.871140468
772.3727273,1.464899471,5.897687291
766.7,1.492346013,6.010553512
610.0808081,1.428499598,6.087720736
798,6.558398369,2.308769231
260.0666667,2.471544947,1.586692308
339.5,2.472227347,1.728867893
334.8571429,2.061201367,2.621167224
257.5,1.947467153,3.05187291
425.6190476,2.367185644,2.872113712
411.2619048,2.462620613,2.782505017
485,2.476397515,2.879615385
461.2142857,2.423017009,2.884234114
483.5,2.468943808,2.912247492
383.6666667,2.104836428,3.243712375
394.1190476,2.152132105,2.858187291
409.7142857,2.100490968,3.120817726
521.6666667,2.499862504,2.810167224
432.5714286,2.080660976,3.221498328
450.1428571,2.113413909,3.217725753
485.675,2.047427712,3.817513378
206.5,3.337327923,0.453953177
582,7.125011636,1.642608696
414.35,3.244916216,1.136869565
455.25,3.444452526,1.931901338
480.4,3.066031109,2.42290301
531.7,2.901992587,2.714247492
627.6,2.887356423,2.926153846
565.4,3.300805105,3.014339465
558.6,3.041227912,2.989991639
549.1333333,2.858760756,3.219510033
671.5,2.695306596,3.225752508
621,3.017396976,3.278804348
648.5666667,2.66900976,3.752399666
604.0333333,2.723780558,3.252439799
606.8333333,2.535271334,3.654043478
629.5,2.465975899,3.751123746
665.8333333,2.692322017,3.508531773
623,3.932118391,2.394172241
552.8333333,2.164905706,0.022013378
897.6666667,2.899047406,0.910896321
686.0714286,0.642288349,3.583031773
417.625,1.833205395,2.246546823
471.8095238,1.976764399,1.158284281
697,6.370421456,1.274367893
453.6666667,5.228772876,1.035550167
420,3.916373292,1.228675585
542.75,3.755504966,1.370488294
489.6,2.845104168,1.50982107
961.5,3.621330171,1.652474916
478.6,3.177730852,1.47801505
615.9,3.034033334,1.6465
561.2666667,2.853399174,1.975379599
425.25,6.081046709,1.823416388
635.6666667,2.549455307,1.92370903
616.2,2.871965794,2.007053512
811.6,3.197595091,2.270834448
753.0833333,4.679738877,2.643088629
734.3333333,3.150682842,2.561770903
829.1666667,2.556535468,2.600157191
862.3333333,2.492574021,2.784005017
867.7142857,2.213215766,3.52590301
865.0714286,2.314638604,2.949792642
904.452381,2.312426782,3.737036789
928.3214286,1.998465796,3.763809365
436.3333333,6.624229981,3.298901338
1004,2.119736337,4.044869565
928.6607143,2.056848376,4.182531773
986.9166667,1.77925437,4.274961538
1005.972222,1.810372786,4.764660535
1092.125,2.075001107,4.468876254
1127.9,1.497454361,5.346135452
1088.172727,1.363938506,6.149003344
1181.6,1.433037921,6.080379599
1138.018182,1.44113653,6.491397993
1174.745455,1.447084387,6.437518395
1186.8,1.465943115,6.949876254
1195.672727,1.440010873,7.580354515
1018.215278,0.847209766,8.588603679
1043.328173,0.784686706,9.813707358
954.8397436,0.990064715,2.863884615
349,7.060028927,1.12683612
148.3333333,2.587397237,1.608267559
145.2,2.590320699,1.629095318
222.5666667,2.58794199,1.810660535
287,2.21544702,2.127317726
259.8333333,2.415906517,2.071143813
295.5952381,2.417976713,2.075217391
305.0714286,2.338544685,2.240774247
420.2857143,2.201006291,2.557640468
478.3571429,2.219552665,2.352717391
446.2857143,2.211132912,2.671540134
401.3142857,2.183649532,2.782949833
384.4285714,1.984942673,2.96523913
359.8,4.144214608,3.192889632
436.3333333,2.446250095,3.057943144
412.1190476,2.44063901,3.135973244
451.75,1.684093501,3.729230769
479.4111111,1.637891875,4.146441472
489.1111111,1.65038928,4.096555184
479.8888889,1.634896891,4.176421405
560.5444444,1.635494687,4.330909699
629.7777778,1.636531658,4.698877926
664.4444444,1.641244108,4.833897993
706.6222222,1.610897311,5.020622074
668.0892857,1.588339544,4.90222408
639.1111111,1.623729808,5.257759197
661.3333333,1.627290556,5.614632107
666.7,1.584335529,5.541036789
586.4454545,1.512770703,6.045147157
637.0111111,1.575914504,5.608545151
626.8,1.5777526,6.20883612
626.5818182,1.51155245,6.26788796
567.7916667,1.16197311,6.934622074
390.625,2.292730431,7.943270903
405.2472527,1.12830572,8.065943144
470.1071429,2.253652858,8.257103679
456.8241758,1.122920635,8.352963211
514.1190476,1.118841662,8.562133779
460,1.996104741,2.285712375
470.6428571,2.039970375,4.513799331
508.5714286,2.154330416,3.760991639
481.547619,2.393620667,3.395207358
470.5,2.518063359,3.418302676
482.5,2.426771956,3.629386288
320.4285714,1.997263957,1.783891304
375.6753247,1.428689163,3.775672241
306.0818182,1.406686505,2.950439799
343.7727273,1.418656489,3.229897993
311.1818182,1.399534542,3.098826087
732.2121212,1.376481726,2.287284281
509.5,4.80305804,1.880501672
658.6666667,2.438061843,2.701561873
676.7666667,2.745845745,2.854576923
768.6666667,2.587693673,3.367586957
854.6666667,2.632299851,3.218618729
844.3333333,2.477149551,3.602006689
857,2.407297278,3.651986622
789,2.279681926,4.091780936
878.3333333,2.424899353,3.660444816
810,2.343315697,3.48716388
826.2857143,2.137998787,4.006374582
857,2.530270171,3.252098662
813.8571429,2.212503656,4.048799331
789.7619048,2.356813638,3.814277592
797.75,2.740753881,3.51512709
496.2222222,1.554950814,3.040120401
512.9090909,1.372659241,5.157043478
474.7272727,1.39783524,4.417764214
504.9636364,1.38001571,4.320153846
496.8181818,1.379424572,4.69182107
325,11.18557087,0.065329431
488.8235294,0.840222159,2.687779264
459.9666667,2.904894303,1.496508361
429.4,2.138653227,1.638220736
488.25,3.907186016,1.795906355
393.75,5.179353598,1.595817726
387.8333333,2.385638655,1.473165552
460,4.909649927,1.612234114
435.6,2.461563626,1.224919732
507.2,2.777538086,1.576028428
457.6,2.613202934,1.478105351
482.9333333,2.898126132,1.606294314
379.5333333,2.578541231,1.692560201
460.7666667,2.884941304,1.604187291
530.1333333,2.737270102,1.749963211
653.1666667,2.932709784,1.681974916
588.4666667,2.517487407,1.956924749
609.1333333,2.810845348,1.745600334
499.3333333,2.444870154,2.102780936
546.8095238,2.392867047,2.191143813
557.5,2.319681523,2.342869565
620.1666667,2.680106518,2.235090301
636.1666667,2.405214719,2.518595318
677.3333333,2.505435938,2.454862876
724.2,2.698523567,2.140086957
604.9285714,2.178050847,2.951379599
709.0333333,2.656642904,2.691561873
809.8,2.953567303,2.596463211
804.5952381,2.352568445,2.888036789
797,2.700629817,2.735494983
807.3333333,2.849272042,2.855262542
824.3333333,2.593679855,3.284603679
797.1428571,2.146147243,3.481434783
851.9285714,2.287740638,3.695103679
840.1428571,2.297090719,3.892331104
829.1785714,2.050789302,4.082568562
832.9464286,2.010691764,4.552901338
833.4285714,1.932218926,4.285041806
839.75,1.904867819,4.945464883
809.75,2.014347124,4.27045485
880.875,1.897719885,4.939304348
872.4861111,1.731404801,5.28509699
875.75,1.843142836,5.368735786
854.9464286,1.937386721,5.498869565
871.0888889,1.549161703,6.045913043
875.8888889,1.662753939,5.919190635
868.4727273,1.417185243,7.097824415
852.1909091,1.410137923,7.292588629
788.4120879,1.129266051,8.054115385
826.0909091,1.315416784,8.230571906
351.5,0.336736326,2.813812709
187.875,1.946982422,2.528588629
406.6805556,1.598402427,3.490591973
448.9,1.583467126,4.014122074
487.3555556,1.589927786,4.157295987
586.1222222,1.595332564,4.693941472
604.1111111,1.597622863,4.530050167
573.7777778,1.596521753,4.505837793
660.0666667,1.583228742,5.180862876
528.9444444,1.581763841,4.747311037
543.9222222,1.597137866,4.838934783
638.3666667,1.600953837,5.226993311
636.5777778,1.601574187,4.975655518
586.1111111,1.599655574,4.893591973
632.2666667,1.592666286,5.011334448
661.6,1.595158267,5.206839465
503.5,1.458255804,2.722374582
691,12.39697729,2.478155518
323.75,3.526639084,1.325013378
358.8,3.13624007,1.682274247
383.4,2.992136438,1.662583612
396,2.991022308,1.706056856
294.8333333,4.291651789,0.68129097
261.4,3.292037566,1.01448495
360.2,2.949105313,1.518075251
335.1666667,2.743512869,1.701913043
337.8,2.726074996,1.665892977
354.6,2.945569424,1.631959866
362.2,2.941437967,1.514187291
388.3,2.789970997,1.651148829
359.4666667,2.630344157,1.931598662
364.8,2.976790322,1.667859532
395.85,3.328044055,1.593245819
409.6,2.955069862,1.570446488
386.8333333,2.682164648,1.839959866
366.8666667,2.667518022,1.777685619
355,3.036952732,1.744195652
369.2,2.931188976,1.778259197
606.3928571,0.33658471,2.533615385
202.375,1.900487752,3.047989967
461.3777778,1.547373963,4.058008361
588.1111111,1.560645221,4.327289298
567.8666667,1.543593965,4.986571906
607.8888889,1.554619586,5.097270903
680.8,1.537553026,5.601041806
668.8,1.53863756,5.586974916
703.3,1.543446521,5.597811037
768.9222222,1.549160919,6.034408027
768.8,1.540549095,5.665339465
757.7222222,1.5359984,6.012431438
777.9,1.542154752,6.184841137
825.6555556,1.544820481,5.550242475
831.1,1.544926477,6.162197324
938.5444444,1.539903479,5.965944816
766.5666667,2.633395798,3.185083612
499,7.876062044,0.489648829
405.3,2.438392644,2.19456689
338.95,3.277923243,1.221319398
412,3.082597002,1.591396321
441.2,3.021900927,1.735580268
465.9,3.213115026,1.514550167
473.6,3.167725838,1.826481605
414.8,2.920781721,1.703879599
429.9,2.691397544,1.704560201
430.65,3.171787065,1.605580268
388.85,2.914845521,1.751658863
401.5666667,2.783194281,1.634289298
415.7,2.883118084,1.636035117
436.7333333,2.582408738,1.786342809
425.0666667,2.706035193,1.706819398
454.2666667,2.949072148,1.553162207
456,2.974049836,1.653262542
314.5,6.234260266,2.26916388
227,5.763526589,0.120913043
218.9,2.821404736,2.653100334
238,2.773815901,1.338459866
195.5,2.569766677,1.434255853
256,2.620563489,1.564173913
226.7,2.727763956,1.553570234
262.5333333,2.873322197,1.328578595
284.4,3.28698784,1.611326087
295.1666667,2.483730156,1.566060201
317.8333333,2.429541861,1.934538462
311.5,2.471000012,1.812692308
340.0952381,2.482940751,2.078615385
357.6,2.848545213,2.094170569
406.7380952,2.362011967,2.340882943
398.7333333,2.80548745,2.340909699
411.5,2.572129796,2.116143813
402.1904762,2.466366238,2.530662207
449,2.449643992,2.610200669
456.2666667,2.760949446,2.620214047
469.2666667,2.570221765,2.565809365
437.952381,2.314477345,2.953919732
474.4761905,2.376724771,3.421595318
477.952381,2.296764934,3.15572408
491.7142857,2.201016418,3.731812709
519.4285714,2.159313949,3.841133779
530.5714286,2.127691118,3.660143813
568,2.124029075,3.773662207
522.7142857,2.04334773,4.130834448
565.0833333,1.830357784,4.503956522
581.8333333,1.741186114,4.801565217
592.1388889,1.713550718,5.443070234
614.7638889,1.751000916,5.01414214
606.9333333,1.614158043,5.782737458
640.6,1.466006558,5.881056856
627.5,1.453873597,6.746958194
616.8363636,1.389651418,7.155571906
633,1.33357256,6.806842809
631.9545455,1.325855618,7.829346154
642.1515152,1.317053224,8.068573579
633.9469697,1.304850554,7.986687291
561,1.272930067,8.090976589
363.4318182,0.784915586,1.765911371
222.9166667,3.510349615,1.108220736
339.8333333,3.577955983,1.394411371
422.8333333,3.970090305,1.309212375
363.75,3.589020332,1.322668896
330.25,3.563942388,1.272602007
368.3,3.493636665,1.44759699
382.85,3.515717935,1.634953177
371.5,4.046784859,1.10780602
340.75,3.495139584,1.487730769
409.75,4.002680191,1.474332776
383.4166667,3.818241362,1.754923077
373.8,3.391608751,1.558133779
386.3,3.533942733,1.661939799
430.25,3.931398685,1.857632107
473.1,3.379364261,1.981505017
471.5,3.447387619,1.975132107
458.2,3.687157377,2.199976589
391.25,3.752577125,2.154829431
460.25,3.235753769,2.163115385
469.25,3.36583916,2.512652174
478.3333333,2.927369089,2.52345485
478.6,3.000686668,2.822404682
529.4,2.790159134,2.944060201
510,2.847603331,2.975702341
504.6333333,2.646182701,2.822264214
501.9666667,2.712950622,3.251326087
472,2.622054533,3.040632107
533.5714286,2.407394546,3.319409699
550.3333333,2.354559627,3.799638796
569.2333333,2.751258012,3.758137124
575.8333333,2.519993374,3.548307692
610.6428571,2.267825972,3.890834448
629,2.102512999,4.761031773
673.8928571,2.10764753,4.949948161
639.8928571,2.115583749,4.74019398
743.0357143,1.993778576,5.011974916
748.9821429,1.98985962,5.415540134
791.9821429,1.832331211,5.319545151
807.6111111,1.776268471,6.064780936
856.4444444,1.554479229,6.492431438
953.3,1.478169656,7.458341137
875.1136364,1.222881624,7.892013378
954.4222222,1.572489796,3.568277592
474,10.73159285,2.158968227
368.6,3.078484377,1.709921405
418.6,3.120575113,1.842720736
429.8,3.067846883,1.719371237
417.8,3.094364541,1.645540134
541.6666667,2.31235111,2.438056856
625.75,3.906185356,1.468411371
721.4166667,2.60852846,3.158916388
455.8666667,2.769948441,1.583769231
463.25,3.169553847,1.663881271
377.6666667,2.72511747,1.671809365
563.8571429,1.541228579,1.829779264
-73,9.900156187,1.664143813
422,2.742478055,1.313351171
464,3.33971765,1.06456689
455,3.826617764,1.04433612
473.8,2.703435662,1.310687291
541.75,4.554694027,1.18466388
450.2666667,2.845866565,1.296622074
507.2,2.851786737,1.488381271
498.3,3.544511663,1.151979933
373.8,2.94495519,1.094809365
325.2,3.160641896,1.33564214
230.6666667,4.852934624,1.434481605
190.4285714,2.058360511,1.340468227
386.5238095,0.367974279,1.989471572
465.3,4.029190308,0.426966555
321.75,3.031852063,2.329391304
441.4,2.61487387,1.821819398
588.2857143,2.17781813,2.679628763
571.7142857,2.040292753,3.61917893
629.1428571,2.100214955,3.563257525
644.5714286,2.129760293,3.809814381
659.8571429,2.163306573,3.493364548
697.5,2.21065569,3.777837793
709.5714286,2.088600785,3.956829431
697.5714286,2.109199269,4.107672241
729.4285714,2.099341098,4.171479933
753.5892857,2.09065025,4.301200669
694.2678571,2.101593355,4.251098662
703.7142857,2.123491462,4.128767559
692.1428571,2.090422422,4.245586957
681.8571429,2.100645797,4.24677592
578.8571429,1.706270115,3.18609699
465,3.84065463,0.405591973
639.3333333,5.978168847,2.533936455
356.8,2.741480412,1.504138796
479.547619,2.373647511,2.172963211
510.6666667,2.492733167,2.516588629
505.3333333,2.487889086,2.736240803
524.6190476,2.452173659,2.658160535
521.1666667,2.452265287,2.662314381
507.6666667,2.443040453,2.668274247
498.1190476,2.280456332,2.912198997
486.8095238,2.370529911,2.736125418
512.8333333,2.547637902,2.598894649
504.7380952,2.391354556,2.790075251
514.8095238,2.354766897,2.636187291
513.6666667,2.517373317,2.716334448
524.6666667,2.438234429,2.714287625
515.547619,2.316204242,3.013610368
358,9.201340932,2.399672241
543,12.65871123,2.821314381
377.3571429,2.203278357,1.970774247
378.5,2.176376136,2.067744147
412.2857143,2.122153592,2.395811037
434.1428571,2.016631444,2.253240803
416.6428571,2.330507237,2.162672241
234.5,7.16937879,1.880568562
469.6666667,2.576914968,1.983608696
421.547619,2.387894368,2.069715719
466,1.994408166,2.279419732
419.1428571,2.244588305,2.011545151
387.547619,2.120080532,2.245704013
432.0714286,2.08364164,2.285076923
501.7142857,1.956027525,2.616341137
575.3333333,4.523016369,2.62832107
539.1428571,2.09167339,2.719764214
509,2.058004234,2.762690635
491,1.899805087,2.610688963
504.25,1.718188405,3.119538462
518.6222222,1.623904368,3.671038462
511.5555556,1.653250302,3.396473244
598.0555556,1.603419337,3.830744147
581.4,1.481278201,4.017511706
650.1,1.456169853,4.399421405
640.7,1.486089302,4.151831104
663.3454545,1.403911937,4.567301003
686.6363636,1.300763986,4.843765886
660.1666667,1.236949911,5.406102007
725.1,1.267773486,4.333167224
652.6153846,1.135479149,5.852255853
730.3846154,1.068632914,5.984133779
716.625,0.93853734,7.237707358
372.375,2.499368548,7.365551839
658,2.942149554,0.143939799
538.4166667,0.855529461,2.295451505
440.5333333,3.352831027,1.252735786
400.5,3.225484822,1.341309365
423,3.881275626,1.210013378
381.8,2.924324246,1.226829431
458.1,2.969499884,1.530413043
466.15,2.854294688,1.421538462
484.25,2.85101438,1.510346154
436,2.841174424,1.597284281
463.2,3.071465182,1.42979097
479.7,3.235397169,1.319759197
500.8,2.974995729,1.608240803
593.8,3.062949907,1.770060201
636.8,3.061808376,1.757979933
638,3.089818973,1.498717391
520.2333333,2.884590972,1.750939799
597.8,2.93278421,1.900981605
649,3.008495873,1.751172241
574.3,2.835141117,1.91156689
561.8666667,2.736221215,2.192217391
619.5,2.589112787,2.220356187
655.7333333,2.722548964,2.0865301
684.7333333,2.740137888,2.232958194
668.8333333,2.382189865,2.530302676
711.8333333,2.292558658,2.853413043
644.0714286,2.381444778,2.689489967
749,2.613958815,2.562692308
776,2.234755508,2.918637124
797.2142857,2.245643763,3.182973244
767.8571429,2.264864313,2.966799331
818.5714286,2.211411011,3.403466555
829.25,2.06868936,3.564389632
851.7142857,2.179832324,3.578989967
826.5238095,2.352787019,3.29129097
809.8571429,2.113903936,3.940575251
824.3928571,2.003621906,3.985961538
840,1.982258244,4.368774247
834.25,1.958445635,3.477784281
823.6666667,1.796479977,4.649839465
796.8888889,1.683657104,4.723143813
813.3194444,1.656316398,5.181603679
835.125,1.817945314,5.287841137
792.25,1.831018534,5.058936455
824,1.50228806,6.116476589
825.3777778,1.565871165,6.543274247
800.8666667,1.549980034,6.740157191
783.6,1.517259113,6.535237458
779.7272727,1.380038135,6.807535117
738.3846154,1.165330563,7.763906355
660.7380952,0.981315021,8.728185619
743.4,1.2042438,10.31222121
188.6666667,3.29144732,0.35373913
345.1,3.234976468,2.02348495
356.3333333,2.919307113,1.504153846
405.5,2.974217771,1.677998328
398.4,2.931616178,1.923198997
436.2333333,2.631730261,2.069444816
384.0238095,2.373142457,2.08922408
479.6333333,2.710487668,2.03335786
501.6666667,2.251106497,2.955929766
444.0238095,2.463664391,2.481722408
475.7857143,2.065178017,2.739498328
454.6904762,2.385038109,2.5780301
453,2.142606153,2.711011706
424.0357143,2.047906264,2.809143813
463.3571429,2.19435454,2.726307692
500.1428571,2.105182034,2.872312709
796,6.933431697,0.648063545
367.5,2.913929229,2.677545151
355.6,2.889088512,1.512123746
436,2.598548655,2.145227425
494.8333333,2.488063712,2.614234114
519.2666667,2.678871222,2.376399666
533.6,2.52467363,2.492272575
519.1666667,2.533709425,2.642347826
520.6666667,2.446449548,2.664301003
537.5,2.585191879,2.716421405
555.6666667,2.499534097,2.624091973
497.6190476,2.33358729,2.644867893
530.1190476,2.299757054,2.504448161
529.6666667,2.333198285,2.894446488
539.5,2.53507526,2.523541806
496.4666667,2.805484548,2.441158863
523.3333333,2.558599541,2.740576923
513.6666667,2.917755492,0.936782609
411.5,6.756611738,3.745401338
429.5,3.033113569,2.471160535
546.25,5.971796919,2.642720736
525.9027778,1.705623911,3.903076923
513.4444444,1.475027058,4.278446488
613.375,1.558566016,4.391745819
661.9111111,1.556571486,4.894640468
589.4272727,1.423096739,5.578282609
600.3131313,1.443475611,5.17109699
636.1818182,1.42192952,5.420571906
677.9363636,1.424631491,5.446317726
650.7,1.376295699,5.976630435
650.4454545,1.364793231,5.507198997
684.6666667,1.532010614,5.413523411
646.0909091,1.41008481,5.436842809
674.0454545,1.43284546,6.163008361
694.0394737,0.811897024,3.674434783
316.3333333,0.656657894,1.545603679
356.75,3.516126847,0.807431438
513.25,3.84991093,1.443617057
526.5,4.41482829,1.530851171
593.0833333,4.50765512,1.886195652
511.3333333,3.621270773,1.793603679
600.75,3.457786784,2.209794314
596.8,3.549569868,2.043255853
598,3.336155313,1.982673913
636.5,3.54834831,2.282056856
591.3,3.380674256,2.235267559
639.9,3.542406789,2.139090301
615.75,3.459745573,2.087468227
507.35,3.453616574,2.139356187
584.15,3.38407024,2.047521739
632.5,3.487068999,1.871618729
477.6,2.905067872,1.959431438
836,9.224710343,0.155919732
334.5,2.476058627,2.097451505
71,8.665988992,1.395729097
374.4666667,2.513050519,1.708851171
312.3666667,2.089053204,1.288498328
369.0833333,3.697954023,1.202784281
383.7,3.394551239,1.26664214
421,3.093136102,1.550287625
384,3.958726037,1.248702341
238.5,11.46230863,1.356481605
421.3333333,6.663624259,1.176214047
319.6,2.915271816,1.406392977
370.5,3.264355186,1.102976589
411.25,2.900971287,1.584180602
365,3.064328033,1.401536789
706.5454545,1.16322746,2.21635786
234.7666667,2.413879007,1.34433612
452,3.041023094,1.521038462
574.25,3.550239188,1.911197324
646.75,3.733784295,1.992389632
647.8,2.893464131,2.473076923
503.6666667,2.684476853,2.364145485
736.5,7.310634642,2.123938127
603,3.712619052,1.684764214
769.35,3.591647121,2.203605351
740,3.224720231,2.388217391
627.2,2.850132363,2.151841137
596.3666667,2.628501461,2.498688963
550.1,2.531075979,2.612013378
534.6666667,2.652613828,2.441719064
565.1666667,2.834657831,2.371108696
397.5,8.701134301,2.806555184
370.5,6.347838146,1.098085284
336.5,2.437292552,1.352528428
410.1428571,1.826087781,1.7954699
277.1904762,2.477171677,1.427297659
234.4285714,2.287767689,1.845561873
246.45,4.102937371,1.259346154
328.25,2.337692453,1.607702341
333.4,2.79046042,2.056551839
349.0238095,2.115618485,1.987602007
488,4.133858985,2.077622074
409.6666667,4.154355727,2.064603679
296.5,2.059097007,2.209754181
432.7638889,1.521567094,2.981411371
339,8.374253634,2.53051505
405.2,2.917168614,2.484481605
489.85,1.462682967,3.071981605
476.8888889,1.444040171,3.320765886
444.275,1.478167779,3.243053512
486.5,1.45993469,3.26811204
453.5777778,1.472697955,3.357531773
552.5,2.911154136,4.387702341
480.4666667,1.453966365,3.853205686
374.1414141,1.455567787,3.721274247
465.8888889,1.472051653,4.29851505
406.2727273,1.469432164,4.15941806
458.3444444,1.465221649,3.945494983
547.9,1.498719819,4.03809699
497,1.480053573,4.347245819
560,1.491737527,4.636214047
550.5530303,1.257238607,4.54982107
612.1666667,1.394215649,5.173086957
461.2272727,1.469806054,5.022769231
491.7909091,1.467529746,5.292795987
556.7454545,1.465804111,5.351076923
599.4,1.484993092,5.340963211
581.5075758,1.289142782,5.598511706
597.034965,1.152420682,6.406630435
594.5,1.45952211,5.566615385
643.1545455,1.455452864,5.937953177
691.9,1.428956352,6.214147157
700.2454545,1.445648103,6.590573579
756.6565657,1.452658561,6.339832776
651.7777778,1.272057613,7.236521739
735.6363636,1.346136427,6.73227592
751.6923077,1.179348622,7.613971572
820.9285714,1.058996661,8.038856187
655.75,2.13725161,8.207926421
616.0274725,1.098124927,8.184451505
754.2142857,1.087860606,8.086397993
688.6111111,2.158768168,9.058117057
814.6,1.914010719,8.219531773
400,5.04017144,2.693879599
191.5,9.066919041,1.352896321
277.9666667,2.763004892,1.560377926
281.1666667,2.544615621,1.521093645
514.5,7.045332413,1.728896321
427.65,2.273337682,1.917523411
386,2.305101146,1.835583612
348.1428571,2.278752836,2.064538462
258.5833333,2.600673229,1.832533445
364.8571429,2.091002263,2.013431438
383.9285714,2.152678784,2.130463211
319.0833333,2.619077659,1.677727425
506.0357143,1.452091146,2.878673913
284.1428571,2.1339076,2.749744147
364.5714286,2.136556239,2.590988294
447.8888889,1.728844367,3.235294314
431.275,1.470478117,2.836551839
373,6.439784,3.815456522
396.2666667,1.446359671,3.617501672
457.7,1.47773727,3.434625418
445.1,1.457404522,3.814719064
460.2222222,1.536614528,3.833294314
792.5,2.953306909,3.763063545
310.3,1.450774692,4.078655518
393.7,1.454189565,4.010889632
349.6,1.466251865,4.244438127
432.6,1.478558634,4.429501672
530.3333333,1.50816719,4.233108696
692.8,1.457289167,4.370908027
621.5090909,1.482522106,4.836677258
599.5,1.500863733,5.233143813
778.6888889,1.489511427,5.201789298
681.325,1.478325511,5.148038462
720.1909091,1.463125532,5.455816054
752.8,1.467872226,5.550461538
804.6,1.48036506,5.516568562
438.75,3.787518598,5.896244147
553,1.471275845,6.033050167
664.3636364,1.454786788,6.222715719
741.5454545,1.380951857,6.608742475
598.8,1.353266511,6.739061873
559.9090909,1.390614055,7.059010033
723.4166667,1.228056872,7.298220736
772,1.080572666,7.791135452
709.8333333,2.160464907,8.294660535
618.4065934,1.094168617,8.189785953
719.3125,0.956599639,8.37167893
893.5625,0.711758461,9.458255853
299.5,5.499816279,2.980334448
309.8333333,0.694811219,2.002207358
369.0505051,1.44805742,2.469088629
393.925,1.455261747,2.498331104
465.4341737,0.282006851,2.997772575
485.3333333,1.46875762,3.434998328
508.5111111,1.471023658,3.440478261
524.5111111,1.463513853,3.464140468
558.9444444,1.552908378,3.393573579
486.6527778,1.793104091,3.454989967
564.7777778,1.511511661,3.593080268
551.3444444,1.470466811,3.586046823
542.1111111,1.540291029,3.416267559
614.7222222,1.576872209,3.753123746
576.1888889,1.555417361,3.404180602
571.7777778,1.523040424,3.811160535
534.3444444,1.529525228,3.635227425
567.4444444,1.517107266,4.776575251
258.25,3.976036185,3.575525084
325.4666667,2.862503069,1.544312709
268.25,4.671092224,1.643182274
258.7,2.999327076,1.720145485
245.85,3.012212151,1.5140301
209,3.147229756,1.519842809
281.1666667,3.743394266,1.505270903
308.8,3.133510135,1.641797659
444.5,6.618826005,1.777245819
282.3,3.107664769,1.476093645
246.2,3.253940535,1.577473244
293.2,3.164808423,1.728832776
292.95,3.053040359,1.500055184
311.4,3.069789443,1.812732441
346.8,3.039041422,1.799613712
422.7333333,3.096647258,1.661016722
645.1904762,1.390748252,3.541904682
480.5,9.781288943,1.717543478
21,10.99595598,1.822871237
593.5,2.238764557,2.099177258
726.8928571,1.966424431,3.333598662
723,1.909183182,3.224633779
781.9642857,1.977210052,3.30848495
781.3333333,1.642407913,4.034608696
838.6,1.555272832,4.461523411
797.8888889,1.660514558,4.041869565
868.8888889,1.707298749,4.037411371
857.1222222,1.540754357,4.644080268
845.4545455,1.426943063,5.123397993
851,1.399170951,4.978202341
841.2727273,1.342023246,5.007560201
833.0909091,1.374087313,5.104222408
799.3636364,1.361922208,5.515633779
403.1666667,5.930556509,0.432747492
643,13.18483914,1.749697324
605,6.697242915,1.331831104
505.9666667,2.997648656,1.519944816
575.6666667,2.585886829,2.139190635
403,7.092979597,1.721578595
544.6666667,2.282539241,2.48148495
642.9666667,2.474992387,2.338876254
632.6666667,2.433496657,2.472349498
644.8333333,2.334513235,2.669690635
708.5714286,2.0550911,2.689834448
612.5,6.874333822,2.479615385
620.8095238,2.256049121,2.396588629
698.4285714,2.073276145,2.975839465
591.6428571,2.149225895,2.72693311
634.3571429,2.017064915,2.766160535
624.6428571,2.029162103,3.063849498
524.4603175,0.961281357,2.647973244
322.3333333,2.733564733,1.450688963
358.6666667,2.691120791,1.640394649
382.85,3.077637842,1.586874582
403,2.990210125,1.584809365
404.5,2.598220667,1.778449833
406.7,2.682865316,1.679983278
376.6,2.895114628,1.695093645
425.4,2.893468574,1.654031773
418.2,2.953205312,1.867478261
459.5333333,2.754179886,2.052197324
457.3333333,2.710032104,2.006807692
474.1,2.674151102,2.161162207
538.1,2.725241881,2.345401338
525,2.682431926,2.482183946
509.3,2.67969094,2.397220736
521.4,2.659139482,2.652394649
525.6666667,2.676364738,2.49280602
549.8333333,2.665509925,2.966085284
606.9,2.672106253,2.663137124
604,2.634123571,3.102207358
638.8666667,2.704938879,2.907834448
576.3333333,2.664362993,3.189423077
570.0666667,2.657133114,3.137520067
589.5,2.619306985,3.106088629
624.8666667,2.630285014,3.538175585
604.5,2.623757152,3.369702341
624.1666667,2.604157873,3.500329431
621.8333333,2.350429798,3.876934783
644,2.167852312,4.435809365
640.7142857,2.097119187,4.510279264
649.2857143,2.154610485,4.585682274
648.9166667,1.825053625,4.654812709
665.1111111,1.737674401,5.918745819
681.7916667,1.683414358,5.952280936
648.8888889,1.604347685,6.197648829
646.6818182,1.471724856,6.52338796
634.1,1.45024753,7.541210702
567,1.250857787,7.822700669
593.1538462,1.165071557,8.390846154
535.5714286,1.050383224,9.233610368
374.2573529,0.924683765,10.29929933
488.7142857,0.931281555,10.36178261
534.15,3.232201336,2.587327759
477.4333333,2.835463761,3.187245819
627,2.81002515,3.360053512
632.2,2.714708028,3.31885786
672.1666667,2.542977722,3.748936455
653.0333333,2.633343932,3.197153846
657,2.635159332,3.885822742
620.3333333,2.487536514,3.788132107
646.2666667,2.621371608,3.569513378
707.1666667,2.473019753,3.996959866
701.6333333,2.490700383,4.078675585
658.5833333,2.717841352,3.775053512
713.7333333,2.826201659,3.704137124
608.0333333,2.790375863,3.419618729
659.3333333,2.531069547,4.084655518
669.3333333,2.605146766,3.712576923
637.2666667,2.591711556,3.893919732
537,2.541229585,2.277362876
566.125,1.51254118,0.012207358
380.3181818,1.509402648,0.080026756
488.8888889,1.562523686,3.859003344
561.6666667,1.563045078,4.809894649
627.2,1.544429546,5.445874582
617.275,1.538890252,5.655344482
578.0333333,1.545604378,5.583978261
630.2444444,1.535008748,6.805486622
645.1444444,1.552646079,5.861093645
674.9,1.547324256,6.165070234
742.1333333,1.54746492,5.764073579
707.5571429,1.531732772,6.708103679
671.7111111,1.554271127,6.000909699
696.6666667,1.546444333,5.894125418
731.9444444,1.544946446,6.428822742
710.4861111,1.552827366,5.679050167
641.4333333,1.254599999,1.818376254
491.5,9.020441142,1.412367893
545.1666667,3.20464283,2.63464214
612.95,3.408177308,2.125264214
526,3.242974234,2.2470301
551.5,3.630046433,2.167143813
581.6,3.198542833,2.385897993
585.9,3.172860647,2.245956522
538,3.084095566,2.219016722
502.25,3.338658458,2.309762542
435.2,3.239128325,2.247227425
530.2,3.206817903,2.497645485
533,3.403946666,2.116056856
509,3.44667537,2.053304348
525,3.849148981,2.06135786
548.35,3.309888338,2.428438127
479.75,3.787665052,2.067190635
528.25,3.503895077,2.19209699
539,14.92001479,0.187886288
770.1666667,0.865569182,1.851707358
477,3.101222411,0.965354515
536.5833333,3.419334431,1.245050167
551.3333333,2.118219984,1.221792642
641,2.281251803,2.006670569
477.3333333,5.125843446,1.33301505
571.25,2.605864446,1.576204013
646.4,3.093840527,1.244098662
407.75,4.37398617,1.228688963
589.25,3.082650004,1.243190635
530.5,4.109970977,1.027272575
662.3333333,4.312791852,1.047861204
534,3.804334584,1.239107023
479.4,3.093710019,1.268503344
819.1,0.869007365,2.082784281
376.875,1.581860441,0.695177258
43,11.56085294,2.651774247
374.8333333,2.562619991,1.495510033
395.1904762,2.342284302,1.954565217
346.2857143,2.116898605,1.755282609
383.9333333,2.716312272,1.62458194
422.0833333,2.737113834,1.509526756
459.3,2.663299731,1.694692308
370.3333333,2.672571032,1.589523411
430.8333333,2.271519837,1.641908027
466.5,2.4190142,1.734046823
466.1666667,2.329819565,2.006023411
489.4047619,2.147298329,1.932326087
488,2.40074188,2.041219064
514.1071429,2.042223656,2.358282609
113.5,7.852177836,2.333909699
522.3928571,2.099212361,2.243036789
532.375,1.986177115,2.722098662
565.1964286,2.034953098,2.781100334
569.4464286,1.948295209,2.828505017
501.3,3.546248377,3.415132107
600.75,1.829895746,3.193625418
574.5972222,1.78142039,3.195391304
640.7222222,1.771979441,3.524595318
670,1.509003581,4.149824415
710.5555556,1.603587344,4.23464214
706.3222222,1.529407575,4.22511204
733.8363636,1.486616807,4.712814381
773.2727273,1.399264844,5.380683946
827.2636364,1.445538045,5.215364548
815.9090909,1.399214906,5.498994983
805.5818182,1.402078352,5.497971572
808.6474359,1.198972284,6.303692308
733.3333333,1.032731122,6.875070234
700.1,0.759324134,8.203113712
620.8045113,0.753617917,8.703867893
637.6666667,1.81743187,3.693622074
509.0178571,2.058545253,4.077449833
543.2857143,2.026589244,4.16267893
560.7321429,1.976625522,3.983919732
578.8571429,2.171712542,3.968966555
511.5777778,1.445918361,3.590959866
398.9702381,0.276790266,2.570476589
493.7916667,1.794735857,2.636379599
516.6666667,1.554929382,3.062359532
500.7777778,1.512797676,3.087274247
576.9444444,1.646289842,2.692844482
915,1.391087375,3.086531773
795.8,1.856918126,3.066214047
441.6,1.506878498,3.266235786
489.9545455,1.45461041,3.246859532
805.7857143,1.785647639,3.224371237
364.9047619,1.497057589,3.340862876
399.1857143,1.509283774,3.209578595
386.5555556,1.755897765,3.024777592
489.7,1.491848639,3.578297659
515.5,1.46185505,3.521197324
663.7111111,1.247801068,4.252314381
438.75,3.479461782,2.336847826
395.1,3.266544788,1.476426421
476.5833333,3.548853232,1.187361204
451.4166667,3.797426555,1.475623746
466.25,3.80101166,1.392541806
494.9166667,3.979278744,1.259672241
369,7.913588258,1.289431438
433.15,3.848923676,1.490468227
427.3333333,4.105445352,1.195473244
426,3.629716753,1.55776087
477.6666667,4.646017902,1.613302676
457.25,3.824506961,1.630113712
485.75,3.632799855,1.864565217
519.1,3.39564872,2.096035117
477.6666667,7.769128345,2.054680602
477.25,3.656411931,1.939404682
497.25,3.292563653,2.05311204
579.35,3.117723534,2.711493311
463.2,3.205818875,2.320038462
505.7,3.213237036,2.221229097
524.6,2.989402361,2.540215719
547.4,2.786126562,3.100301003
550.9,2.932669831,2.837591973
548.1,3.161473623,2.74622408
625.8,2.735821271,3.534280936
616.9666667,2.651220734,3.226568562
584.5,2.643708904,3.818434783
676.8333333,2.587094193,3.582361204
627.3333333,2.498362822,3.759643813
681.6666667,2.548740448,3.996882943
737.7857143,2.325308029,4.248521739
703.5714286,2.14974551,4.805864548
754.1428571,2.148226732,5.029334448
814.1428571,2.193141654,4.756332776
751.1428571,2.103037377,5.262934783
838.9107143,1.933843455,5.562051839
867,1.841979129,6.219137124
905.8888889,1.646807798,5.541541806
935.6,1.444606427,7.03038796
939,1.276065281,8.403700669
831.1483516,1.119059032,9.390571906
899.2142857,1.063433064,9.674702341
767.2967033,1.120270487,3.160513378
767.2,0.735052338,2.375033445
157,7.296714512,1.606994983
650,2.876193466,1.492053512
558.6666667,6.414564519,1.561986622
425.0666667,2.939233979,1.761632107
483.8,3.170191228,1.386198997
636.2,3.001387688,1.616107023
589.6666667,2.898980839,1.789826087
780.3,2.877156938,1.72237291
621.6,2.949633041,1.844008361
664.75,3.489061197,1.782958194
579.75,3.580253126,1.599285953
602.25,3.626131529,1.512180602
615.2,2.847875582,1.430327759
727.5,3.779677683,1.975605351
642.2,3.116548872,1.747513378
824.7012987,0.654468768,1.935356187
277.2666667,2.768092247,2.492829431
329.7380952,2.193044975,1.951899666
454.0952381,2.153401291,3.09301505
492.125,2.082904548,3.381712375
436.3214286,2.000348911,3.895811037
533.9107143,1.983910722,3.865045151
524.9285714,2.003644581,4.287478261
508.7857143,2.03180855,3.999329431
580,2.033951473,3.970635452
528.4285714,2.080044675,4.19208194
524.75,2.007658678,4.372859532
554.8214286,2.029560116,4.034648829
534.125,2.08520547,4.06166388
536.3214286,2.090455069,4.249214047
538.5178571,2.117990978,3.919971572
519.4285714,2.081590352,4.362976589
457.3333333,5.216190978,0.695438127
550.1666667,7.688290496,1.764846154
523.3333333,6.001789645,0.832369565
543.4166667,4.214785194,1.305732441
553.5,3.843028876,1.391488294
527.5833333,4.278870336,1.08393311
557.5,4.215344383,1.355961538
485.75,4.6889932,0.989277592
450,3.602893127,1.2335
444.75,3.511919321,1.204506689
512.3333333,5.540416679,1.224816054
508.5833333,4.075137986,1.136929766
421,3.684760152,1.084846154
490,3.776252765,1.24683612
459.3333333,4.354257435,1.186219064
481.75,4.006090806,1.07573913
480.1666667,4.391049061,1.205959866
337.21875,0.511498838,2.004979933
329,4.291171281,3.515
382.4,1.467175279,3.568123746
432.5,1.465954105,3.708871237
569.9333333,1.471396084,4.596055184
612.7,1.478571915,4.888329431
686.1818182,1.468041835,5.608434783
374.5833333,4.425259912,5.619326087
526.6,1.468199148,5.698419732
539.4,1.490714903,5.120207358
588.6,1.50022062,5.642558528
645.1,1.496478677,5.984046823
553.7,1.480571173,5.874220736
566.0909091,1.478368509,5.756207358
633.9272727,1.465792255,5.68645485
622.5384615,1.151870493,6.091508361
619.5384615,1.150030402,6.427267559
601.45,1.379108694,6.155839465
431.3409091,1.57424901,2.431443144
524.984127,1.737847901,6.108214047
523.8055556,1.817179706,5.280051839
510.1388889,1.776644815,5.790707358
545.0972222,1.729460376,5.498235786
553.375,1.692298939,5.971628763
404.6666667,2.202098033,1.589327759
387.95,2.768975677,3.500237458
398.3333333,2.791494637,2.47445485
425.9,2.777676626,2.334374582
455.9333333,2.691706313,2.598468227
459.2,2.738271072,2.250622074
